{
  "lev=0": {
    "Bx": 6.5368193139983e-09,
    "By": 1.3254705183661291e-08,
    "Bz": 4.048001002574415e-09,
    "Ex": 4.2754549140073195,
    "Ey": 2.498830341062008,
    "Ez": 3.6186077001238592,
    "jx": 0.0,
    "jy": 4.7259729833567e-169,
    "jz": 0.0
  }
}